<modification> 
	<id>PHPMailer</id> 
	<version>1.1</version> 
	<vqmver>1.0.4</vqmver>
	<author>SpotOnSolutions.net - modified by opencart-templates.co.uk </author>
	<comments><![CDATA[
		This vqmod replaces the Core mail.php class with a wrapper for phpmailer.

		For this to work correctly you need to set this up with an email account instead of PHP mail()
		
		As an example we can use google mail settings:
		Mail Protocol: SMTP
		SMTP Host: smtp.gmail.com (OR smtp.yourmail.server)
		SMTP Username: myemail@gmail.com
		SMTP Password: password
		SMTP Port: 465 (465=SSL // 587=TLS // 25=SMTP standard)
				
		Note:
		- For SSL you may need to enable extension: php_openssl
		- There is no guarantee this will work with your email hosting provider, depending if they allow remote emails to be sent.
	]]></comments> 
	
	<file name="system/startup.php"> 
		<operation> 
			<search position="after">require_once(DIR_SYSTEM . 'library/mail.php');</search> 
			<add>require_once(DIR_SYSTEM . 'library/phpmailer/class.phpmailer.php');</add>
		</operation>
	</file>
	
	<file name="system/library/mail.php"> 
		<operation> 
			<search position="all"></search> 
			<add><![CDATA[<?php			
class Mail {
	protected $to;
	protected $from;
	protected $replyTo;
	protected $replyToName;
	protected $sender;
	protected $subject;
	protected $text;
	protected $html;
	protected $attachments = array();
	protected $debugMode = true; // Tells PHPMailer to throw errors, set: false for production once you have it working.
	public $protocol = 'mail';
	public $hostname;
	public $username;
	public $password;
	public $port = 25;
	public $timeout = 5;
	public $newline = "\n";
	public $crlf = "\r\n";
	public $verp = FALSE;
	public $parameter = '';
	
	public function setTo($to){
		$this->to = $to;
	}
	
	public function setFrom($from){
		$this->from = $from;
	}
	
	public function addheader($header, $value){
		$this->headers [$header] = $value;
	}
	
	public function setSender($sender){
		$this->sender = $sender;
	}
	
	public function setSubject($subject){
		$this->subject = $subject;
	}
	
	public function setReplyTo($address, $name = '') {
		$this->replyTo = $address;
		$this->replyToName = ($name) ? $name : $address;
	}
	
	public function setText($text){
		$this->text = $text;
	}
	
	public function setHtml($html){
		$this->html = $html;
	}
	
	public function addAttachment($file, $filename = ''){
		if(!$filename){
			$filename = basename($file);
		}
		
		$this->attachments [] = array('filename' => $filename, 'file' => $file);
	}
	
	public function send(){
		if(!$this->to){
			exit('Error: E-Mail to required!');
		}
		
		if(!$this->from){
			exit('Error: E-Mail from required!');
		}
		
		if(!$this->sender){
			exit('Error: E-Mail sender required!');
		}
		
		if(!$this->subject){
			exit('Error: E-Mail subject required!');
		}
		
		if((!$this->text)&&(!$this->html)){
			exit('Error: E-Mail message required!');
		}
		
		if(is_array($this->to)){
			$to = implode(',', $this->to);
		} else {
			$to = $this->to;
		}
												
		$boundary = '----=_NextPart_' . md5(time());
		
		$header = '';
		
		if($this->protocol != 'smtp'){
			trigger_error('Error: phpMailer stmp protocol required!');
			exit();
		}
		
		$header .= 'To: ' . $to . $this->newline;
		$header .= 'Subject: ' . $this->subject . $this->newline;
		
		$mail = new PHPMailer($this->debugMode);
		$mail->CharSet = 'utf-8';
		$mail->AddAddress($to);
		$mail->Subject = $this->subject;
		$mail->SetFrom($this->from, $this->sender);
		$mail->AddReplyTo($this->from, $this->sender);
		
		$header .= 'From: ' . $this->sender . '<' . $this->from . '>' . $this->newline;		
		if($this->replyTo){
			$header .= 'Reply-To: ' . $this->replyToName . '<' . $this->replyTo . '>' . $this->newline;	
		} else {
			$header .= 'Reply-To: ' . $this->sender . '<' . $this->from . '>' . $this->newline;	
		}
		$header .= 'Return-Path: ' . $this->from . $this->newline;
		$header .= 'X-Mailer: PHP/' . phpversion(). $this->newline;
		$header .= 'MIME-Version: 1.0' . $this->newline;
		$header .= 'Content-Type: multipart/mixed; boundary="' . $boundary . '"' . $this->newline;
		
		if(!$this->html){
			$message = '--' . $boundary . $this->newline;
			$message .= 'Content-Type: text/plain; charset="utf-8"' . $this->newline;
			$message .= 'Content-Transfer-Encoding: 8bit' . $this->newline . $this->newline;
			$message .= $this->text . $this->newline;
			
			$mail->AltBody = $this->text;
		} else {
			$message = '--' . $boundary . $this->newline;
			$message .= 'Content-Type: multipart/alternative; boundary="' . $boundary . '_alt"' . $this->newline . $this->newline;
			$message .= '--' . $boundary . '_alt' . $this->newline;
			$message .= 'Content-Type: text/plain; charset="utf-8"' . $this->newline;
			$message .= 'Content-Transfer-Encoding: 8bit' . $this->newline;
			
			if($this->text){
				$message .= $this->text . $this->newline;
			} else {
				$message .= 'This is a HTML email and your email client software does not support HTML email!' . $this->newline;
			}
			
			$message .= '--' . $boundary . '_alt' . $this->newline;
			$message .= 'Content-Type: text/html; charset="utf-8"' . $this->newline;
			$message .= 'Content-Transfer-Encoding: 8bit' . $this->newline . $this->newline;
			$message .= $this->html . $this->newline;
			$message .= '--' . $boundary . '_alt--' . $this->newline;
			
			$mail->AltBody = $this->text;
			$mail->MsgHTML($this->html);
		}
		
		foreach($this->attachments as $attachment){
			if(file_exists($attachment ['file'])){
				$mail->AddAttachment($attachment ['file']);
				$handle = fopen($attachment ['file'], 'r');
				$content = fread($handle, filesize($attachment ['file']));
				
				fclose($handle);
				
				$message .= '--' . $boundary . $this->newline;
				$message .= 'Content-Type: application/octetstream' . $this->newline;
				$message .= 'Content-Transfer-Encoding: base64' . $this->newline;
				$message .= 'Content-Disposition: attachment; filename="' . basename($attachment ['filename']). '"' . $this->newline;
				$message .= 'Content-ID: <' . basename($attachment ['filename']). '>' . $this->newline . $this->newline;
				$message .= chunk_split(base64_encode($content));
			}
		}
		
		$message .= '--' . $boundary . '--' . $this->newline;
		
		$mail->Username = $this->username;
		$mail->Password = $this->password;
		$mail->Port = $this->port;
		$mail->Host = $this->hostname;		 
		$mail->SMTPSecure = 'ssl'; // secure transfer enabled REQUIRED for Gmail
		$mail->SMTPAuth = true; // authentication enabled
		$mail->SMTPDebug = ($this->debugMode) ? 1 : 0; // debugging: 1 = errors and messages, 2 = messages only, 0 = off
		
		try {
			$mail->Send();
		} catch(phpmailerException $e) {
			trigger_error($e->errorMessage());
		} catch(Exception $e) {
			trigger_error($e->getMessage());
		}
	}
}
?>]]></add> 
		</operation> 
	</file> 
</modification>